01-10-2021 15:55;778390599;/start
08-10-2021 13:01;778390599;/start
08-10-2021 13:01;778390599;/start
08-10-2021 13:01;778390599;/start
08-10-2021 13:01;778390599;/start
08-10-2021 13:01;778390599;/start
08-10-2021 13:01;778390599;/start
08-10-2021 13:45;778390599;/start
08-10-2021 13:47;778390599;/start
08-10-2021 13:48;778390599;/start
08-10-2021 13:48;778390599;/start
08-10-2021 13:49;778390599;/start
08-10-2021 13:49;778390599;/start
08-10-2021 13:49;778390599;/start
08-10-2021 13:49;778390599;/start
08-10-2021 13:49;778390599;/start
08-10-2021 13:49;778390599;/start
08-10-2021 13:49;778390599;/start
16-10-2021 13:18;778390599;/start
16-10-2021 13:18;778390599;/start
16-10-2021 13:18;778390599;/start
16-10-2021 13:18;778390599;/start
16-10-2021 13:18;778390599;/start
16-10-2021 13:18;778390599;/start
16-10-2021 13:18;778390599;/start
16-10-2021 15:03;778390599;/start
16-10-2021 15:03;778390599;/start
16-10-2021 15:04;778390599;/start
16-10-2021 15:05;778390599;/start
16-10-2021 15:05;778390599;/start
16-10-2021 15:05;778390599;/start
16-10-2021 15:07;778390599;/start
16-10-2021 15:12;778390599;/start
22-10-2021 13:47;778390599;/start
22-10-2021 13:47;778390599;/start
22-10-2021 13:50;778390599;/start
22-10-2021 14:03;778390599;/start
22-10-2021 14:07;778390599;/start
22-10-2021 14:08;778390599;/start
22-10-2021 14:09;778390599;/start
